{
  "hash": "67254ee4",
  "configHash": "238c9540",
  "lockfileHash": "831f31f1",
  "browserHash": "e4c31ade",
  "optimized": {
    "@angular/core": {
      "src": "../../../../../node_modules/@angular/core/fesm2022/core.mjs",
      "file": "@angular_core.js",
      "fileHash": "c0af8e6d",
      "needsInterop": false
    },
    "@angular/platform-browser": {
      "src": "../../../../../node_modules/@angular/platform-browser/fesm2022/platform-browser.mjs",
      "file": "@angular_platform-browser.js",
      "fileHash": "4959cafc",
      "needsInterop": false
    },
    "@angular/router": {
      "src": "../../../../../node_modules/@angular/router/fesm2022/router.mjs",
      "file": "@angular_router.js",
      "fileHash": "d5fd3fcc",
      "needsInterop": false
    },
    "@angular/common": {
      "src": "../../../../../node_modules/@angular/common/fesm2022/common.mjs",
      "file": "@angular_common.js",
      "fileHash": "1dc50377",
      "needsInterop": false
    }
  },
  "chunks": {
    "chunk-SKXMHJNQ": {
      "file": "chunk-SKXMHJNQ.js"
    },
    "chunk-4XLXOCJG": {
      "file": "chunk-4XLXOCJG.js"
    },
    "chunk-YVWIMTHM": {
      "file": "chunk-YVWIMTHM.js"
    }
  }
}